<?xml version="1.0" ?>
<icn name="shnganim.icn" count="40">
    <sprite index="0" name="000.png" ox="46" oy="176" />
    <sprite index="1" name="000.png" ox="48" oy="183" />
    <sprite index="2" name="000.png" ox="48" oy="183" />
    <sprite index="3" name="000.png" ox="48" oy="183" />
    <sprite index="4" name="000.png" ox="48" oy="183" />
    <sprite index="5" name="000.png" ox="48" oy="183" />
    <sprite index="6" name="000.png" ox="48" oy="183" />
    <sprite index="7" name="000.png" ox="48" oy="183" />
    <sprite index="8" name="000.png" ox="48" oy="183" />
    <sprite index="9" name="000.png" ox="48" oy="183" />
    <sprite index="10" name="000.png" ox="48" oy="183" />
    <sprite index="11" name="000.png" ox="48" oy="183" />
    <sprite index="12" name="000.png" ox="48" oy="183" />
    <sprite index="13" name="000.png" ox="48" oy="183" />
    <sprite index="14" name="000.png" ox="48" oy="183" />
    <sprite index="15" name="000.png" ox="48" oy="183" />
    <sprite index="16" name="000.png" ox="48" oy="183" />
    <sprite index="17" name="000.png" ox="48" oy="183" />
    <sprite index="18" name="000.png" ox="48" oy="183" />
    <sprite index="19" name="000.png" ox="48" oy="183" />
    <sprite index="20" name="000.png" ox="48" oy="183" />
    <sprite index="21" name="000.png" ox="48" oy="183" />
    <sprite index="22" name="000.png" ox="48" oy="183" />
    <sprite index="23" name="000.png" ox="48" oy="183" />
    <sprite index="24" name="000.png" ox="48" oy="183" />
    <sprite index="25" name="000.png" ox="48" oy="183" />
    <sprite index="26" name="000.png" ox="48" oy="183" />
    <sprite index="27" name="000.png" ox="48" oy="183" />
    <sprite index="28" name="000.png" ox="48" oy="183" />
    <sprite index="29" name="000.png" ox="48" oy="183" />
    <sprite index="30" name="000.png" ox="48" oy="183" />
    <sprite index="31" name="000.png" ox="48" oy="183" />
    <sprite index="32" name="000.png" ox="48" oy="183" />
    <sprite index="33" name="000.png" ox="48" oy="183" />
    <sprite index="34" name="000.png" ox="48" oy="183" />
    <sprite index="35" name="000.png" ox="48" oy="183" />
    <sprite index="36" name="000.png" ox="48" oy="183" />
    <sprite index="37" name="000.png" ox="48" oy="183" />
    <sprite index="38" name="000.png" ox="48" oy="183" />
    <sprite index="39" name="000.png" ox="48" oy="183" />
</icn>
