<?xml version="1.0" ?>
<icn name="ngextra.icn" count="82">
    <sprite index="62" name="062.png" ox="0" oy="0" />
    <sprite index="64" name="064.png" ox="0" oy="0" />
    <sprite index="65" name="065.png" ox="0" oy="0" />
    <sprite index="66" name="066.png" ox="0" oy="0" />
    <sprite index="67" name="067.png" ox="0" oy="0" />
    <sprite index="68" name="068.png" ox="0" oy="0" />
    <sprite index="69" name="069.png" ox="0" oy="0" />
    <sprite index="3" name="003.png" ox="0" oy="0" />
    <sprite index="33" name="033.png" ox="0" oy="0" />
    <sprite index="58" name="058.png" ox="0" oy="0" />
    <sprite index="28" name="028.png" ox="0" oy="0" />
    <sprite index="29" name="029.png" ox="0" oy="0" />
    <sprite index="30" name="030.png" ox="0" oy="0" />
</icn>
