<?xml version="1.0" ?>
<icn name="dwarf.icn" count="56">
    <sprite index="44" name="044.png" ox="-16" oy="-61" />
    <sprite index="45" name="045.png" ox="-17" oy="-61" />
    <sprite index="46" name="046.png" ox="-18" oy="-60" />
    <sprite index="47" name="047.png" ox="-15" oy="-61" />
    <sprite index="48" name="048.png" ox="-15" oy="-60" />
    <sprite index="1" name="001.png" ox="-15" oy="-61" />
    <sprite index="2" name="002.png" ox="-10" oy="-61" />
    <sprite index="3" name="003.png" ox="-6" oy="-62" />
    <sprite index="4" name="004.png" ox="-2" oy="-62" />
    <sprite index="5" name="005.png" ox="6" oy="-60" />
    <sprite index="6" name="006.png" ox="12" oy="-60" />
    <sprite index="7" name="007.png" ox="18" oy="-61" />
    <sprite index="8" name="008.png" ox="19" oy="-61" />
    <sprite index="9" name="009.png" ox="25" oy="-60" />
    <sprite index="20" name="020.png" ox="-5" oy="-63" />
    <sprite index="21" name="021.png" ox="-5" oy="-69" />
    <sprite index="22" name="022.png" ox="-18" oy="-60" />
    <sprite index="23" name="023.png" ox="-4" oy="-73" />
    <sprite index="24" name="024.png" ox="-4" oy="-60" />
    <sprite index="25" name="025.png" ox="-4" oy="-61" />
    <sprite index="26" name="026.png" ox="-4" oy="-61" />
    <sprite index="36" name="036.png" ox="-13" oy="-61" />
    <sprite index="37" name="037.png" ox="-16" oy="-60" />
    <sprite index="38" name="038.png" ox="-15" oy="-60" />
    <sprite index="39" name="039.png" ox="-23" oy="-60" />
    <sprite index="40" name="040.png" ox="-25" oy="-61" />
    <sprite index="41" name="041.png" ox="-25" oy="-61" />
    <sprite index="42" name="042.png" ox="-22" oy="-61" />
    <sprite index="27" name="027.png" ox="-15" oy="-60" />
    <sprite index="28" name="028.png" ox="-13" oy="-62" />
    <sprite index="29" name="029.png" ox="-13" oy="-68" />
    <sprite index="30" name="030.png" ox="-13" oy="-60" />
    <sprite index="31" name="031.png" ox="-11" oy="-59" />
    <sprite index="32" name="032.png" ox="-11" oy="-58" />
    <sprite index="33" name="033.png" ox="-11" oy="-60" />
    <sprite index="34" name="034.png" ox="-12" oy="-60" />
    <sprite index="35" name="035.png" ox="-14" oy="-61" />
    <sprite index="49" name="049.png" ox="-15" oy="-61" />
    <sprite index="50" name="050.png" ox="-11" oy="-72" />
    <sprite index="51" name="051.png" ox="-13" oy="-73" />
    <sprite index="52" name="052.png" ox="-19" oy="-52" />
    <sprite index="53" name="053.png" ox="-16" oy="-31" />
    <sprite index="54" name="054.png" ox="-16" oy="-29" />
    <sprite index="43" name="043.png" ox="-15" oy="-60" />
</icn>
