<?xml version="1.0" ?>
<icn name="boar.icn" count="29">
    <sprite index="1" name="001.png" ox="-15" oy="-54" />
    <sprite index="5" name="005.png" ox="-13" oy="-53" />
    <sprite index="6" name="006.png" ox="-12" oy="-53" />
    <sprite index="7" name="007.png" ox="-1" oy="-52" />
    <sprite index="8" name="008.png" ox="8" oy="-53" />
    <sprite index="9" name="009.png" ox="10" oy="-53" />
    <sprite index="10" name="010.png" ox="10" oy="-53" />
    <sprite index="11" name="011.png" ox="21" oy="-52" />
    <sprite index="12" name="012.png" ox="22" oy="-53" />
    <sprite index="2" name="002.png" ox="-10" oy="-54" />
    <sprite index="3" name="003.png" ox="-23" oy="-54" />
    <sprite index="4" name="004.png" ox="-19" oy="-54" />
    <sprite index="28" name="028.png" ox="-19" oy="-35" />
    <sprite index="13" name="013.png" ox="-28" oy="-61" />
    <sprite index="15" name="015.png" ox="-22" oy="-49" />
    <sprite index="16" name="016.png" ox="-16" oy="-52" />
    <sprite index="17" name="017.png" ox="-21" oy="-66" />
    <sprite index="18" name="018.png" ox="-13" oy="-68" />
    <sprite index="24" name="024.png" ox="-23" oy="-63" />
    <sprite index="25" name="025.png" ox="-31" oy="-68" />
    <sprite index="26" name="026.png" ox="-22" oy="-58" />
    <sprite index="27" name="027.png" ox="-21" oy="-36" />
    <sprite index="19" name="019.png" ox="-11" oy="-52" />
    <sprite index="20" name="020.png" ox="-1" oy="-46" />
    <sprite index="21" name="021.png" ox="12" oy="-63" />
    <sprite index="22" name="022.png" ox="-10" oy="-33" />
    <sprite index="23" name="023.png" ox="-2" oy="-33" />
</icn>
