<?xml version="1.0" ?>
<icn name="cpanel.icn" count="10">
    <sprite index="0" name="000.png" ox="0" oy="0" />
    <sprite index="1" name="001.png" ox="0" oy="0" />
    <sprite index="2" name="002.png" ox="0" oy="0" />
    <sprite index="3" name="003.png" ox="0" oy="0" />
    <sprite index="4" name="004.png" ox="0" oy="0" />
    <sprite index="5" name="005.png" ox="0" oy="0" />
    <sprite index="6" name="006.png" ox="0" oy="0" />
    <sprite index="7" name="007.png" ox="0" oy="0" />
    <sprite index="8" name="008.png" ox="0" oy="0" />
    <sprite index="9" name="009.png" ox="0" oy="0" />
</icn>
