<?xml version="1.0" ?>
<icn name="btnshngl.icn" count="24">
    <sprite index="1" name="001.png" ox="482" oy="172" />
    <sprite index="5" name="005.png" ox="198" oy="175" />
    <sprite index="9" name="009.png" ox="407" oy="100" />
    <sprite index="13" name="013.png" ox="300" oy="134" />
    <sprite index="17" name="017.png" ox="15" oy="420" />
    <sprite index="3" name="001.png" ox="482" oy="172" />
    <sprite index="7" name="005.png" ox="198" oy="175" />
    <sprite index="11" name="009.png" ox="407" oy="100" />
    <sprite index="15" name="013.png" ox="300" oy="134" />
    <sprite index="19" name="017.png" ox="15" oy="420" />
    <sprite index="2" name="001.png" ox="482" oy="172" />
    <sprite index="6" name="005.png" ox="198" oy="175" />
    <sprite index="14" name="013.png" ox="300" oy="134" />
    <sprite index="10" name="009.png" ox="407" oy="100" />
    <sprite index="18" name="017.png" ox="15" oy="420" />
    <sprite index="20" name="020.png" ox="513" oy="30" />
    <sprite index="21" name="021.png" ox="513" oy="30" />
    <sprite index="22" name="023.png" ox="513" oy="30" />
    <sprite index="23" name="022.png" ox="513" oy="30" />
</icn>
